title,year,director,genre,producer,country,actors,length,budget
Побег из Шоушенка,1994,Фрэнк Дарабонт,драма,,,"Тим Роббинс,Морган Фриман,Боб Гантон,Уильям Сэдлер,Клэнси Браун,Гил Беллоуз,Джеймс Уитмор",142 мин,25 млн
Властелин колец: Возвращение короля,2003,Питер Джексон,"боевик,приключение,драма",Питер Джексон,[1],"Элайджа Вуд,Иэн Маккеллен,Лив Тайлер,Вигго Мортенсен,Шон Эстин,Кейт Бланшетт,Джон Рис-Дэвис,Бернард Хилл,Билли Бойд,Доминик Монаган,Орландо Блум,Хьюго Уивинг,Миранда Отто,Дэвид Уэнем,Карл Урбан,Джон Ноубл,Энди Серкис,Иэн Холм,Шон Бин",201 мин,94 млн
Бойцовский клуб,1999,Дэвид Финчер,драма,"Арт Линсон,Сиан Чаффин,Росс Грэйсон Белл",,"Эдвард Нортон,Брэд Питт,Хелена Бонэм Картер,Мит Лоуф,Джаред Лето",139 мин.,63 млн 
Форрест Гамп,1994,Роберт Земекис,"драма,романтический фильм","Венди Файнерман,ru,Стив Тиш,ru",[1],"Том Хэнкс,Робин Райт,Гэри Синиз,Майкелти Уильямсон,Салли Филд",142 мин,55 млн
Властелин колец: Две крепости,2002,Питер Джексон,"боевик,приключение,драма",Питер Джексон,[1],"Элайджа Вуд,Иэн Маккеллен,Лив Тайлер,Вигго Мортенсен,Шон Эстин,Кейт Бланшетт,Джон Рис-Дэвис,Бернард Хилл,Кристофер Ли,Билли Бойд,Доминик Монаган,Орландо Блум,Хьюго Уивинг,Миранда Отто,Дэвид Уэнем,Брэд Дуриф,Карл Урбан,Энди Серкис",179 мин,94 млн
Властелин колец: Братство Кольца,2001,Питер Джексон,"боевик,приключение,драма","Питер Джексон,Тим Сандерс",[1],"Элайджа Вуд,Иэн Маккеллен,Лив Тайлер,Вигго Мортенсен,Шон Эстин,Кейт Бланшетт,Джон Рис-Дэвис,Билли Бойд,Доминик Монаган,Орландо Блум,Кристофер Ли,Хьюго Уивинг,Шон Бин,Иэн Холм,Энди Серкис",178 мин,93 млн
Криминальное чтиво,1994,Квентин Тарантино,"детектив,драма","[en],[en],[en],[en]",,"Джон Траволта,Сэмюэл Л. Джексон,Брюс Уиллис,Ума Турман",154 мин,8 млн 
Начало,2010,Кристофер Нолан,"боевик,приключение,научная фантастика",Кристофер Нолан,,"Леонардо Ди Каприо,Кэн Ватанабэ,Джозеф Гордон-Левитт,Эллен Пейдж,Марион Котийяр,Том Харди,Киллиан Мёрфи,Том Беренджер,Дилип Рао,Майкл Кейн",148 мин.,160 млн $
"Хороший, плохой, злой",1966,Серджо Леоне,"приключение,вестерн",,Италия,"Клинт Иствуд,Ли Ван Клиф,Илай Уоллак", 161 мин,"1,2 млн долл."
Спасти рядового Райана,1998,Стивен Спилберг,"драма,военный фильм","Гэри Левинсон,ru",,"Том Хэнкс,Эдвард Бёрнс,Мэтт Деймон,Том Сайзмор",169 минут,70 000 000 
Молчание ягнят,1991,Джонатан Демми,"детектив,драма,триллер","Кеннет Утт,Эдвард Саксон,Рональд Бозман",,"Энтони Хопкинс,Джоди Фостер,Скотт Гленн,Тед Левин",118 минут, 19 млн
Список Шиндлера,1993,Стивен Спилберг,"байопик,драма,исторический фильм",Стивен Спилберг,,"Лиам Нисон,Бен Кингсли,Рэйф Файнс",197 мин,22 млн 
12 разгневанных мужчин,1957,Сидни Люмет,"детектив,драма",,США,,96 мин.,340 тыс. 
Крёстный отец 2,1974,Фрэнсис Форд Коппола,"детектив,драма",Фрэнсис Форд Коппола,,"Аль Пачино,Роберт Дюваль,Дайан Китон,Роберт Де Ниро,Талия Шайр,Джон Казале,Марианна Хилл,Ли Страсберг",202 мин,13 млн
Похитители велосипедов,1948,Витторио де Сика,драма,,Италия,"Ламберто Маджорани,Энцо Стайола",93 мин.,133 000 $
Тёмный рыцарь,2008,Кристофер Нолан,"боевик,детектив,драма",,США,"Кристиан Бейл,Хит Леджер,Гэри Олдмен,Аарон Экхарт",152 мин,185 млн 
Крёстный отец,1972,Фрэнсис Форд Коппола,"детектив,драма","Альберт Радди,ru",,"Марлон Брандо,Аль Пачино,Джеймс Каан,Ричард Кастеллано,Роберт Дюваль,Стерлинг Хэйден,Джон Марли,Ричард Конте,Дайан Китон",175 мин," 6-7,2 млн"
Ненависть,1995,Матьё Кассовиц,"детектив,драма",,,"Венсан Кассель,Юбер Кунде,Саид Тагмауи",96 мин.,2 600 000 $
Суперсемейка,2004,Брэд Бёрд,"мультфильм,боевик,приключение",Джон Уокер,,,115 мин.,92 млн. 
Изгоняющий дьявола,1973,Уильям Фридкин,хоррор,,США,"Эллен Бёрстин,Джейсон Миллер",122 ± 1 мин,12 млн 
Лучшие годы нашей жизни,1946,Уильям Уайлер,"драма,романтический фильм,военный фильм",,США,"Фредрик Марч,Дана Эндрюс,Мирна Лой",172 мин,"2,1 млн "
Ребекка,1940,Альфред Хичкок,"драма,нуар,фильм-тайна",,США,"Лоренс Оливье,Джоан Фонтейн",126 мин,≈ 1 млн 288 тыс. $
День сурка,1993,Гарольд Рэмис,"кинокомедия,драма,фэнтези",Тревор Альберт,США,"Билл Мюррей,Энди Макдауэлл",101 минута,"14,6 млн"
Служанка,2016,Пак Чхан Ук,"драма,романтический фильм,триллер","Пак Чхан Ук,Сид Лим",Республика Корея,"Ким Мин Хи,Ким Тэ Ри,Ха Чон У",144 минуты,10 млрд 
Мой отец и мой сын,2005,Чаган Ырмак,"драма,семейный фильм",,Турция,,108 мин,
Дерсу Узала,1975,Акира Куросава,"приключение,байопик,драма",,,"Юрий Соломин,Максим Мунзук",144 минуты,4 млн
Танцующий с волками,1990,Кевин Костнер,"приключение,драма,вестерн",,,"Кевин Костнер,Мэри Макдоннелл,Грэм Грин,Родни Грант,Флойд Вестерман,Уэс Стьюди",236 мин.,22 млн 
Прислуга,2011,Тейт Тейлор,драма,,,"Виола Дэвис,Эмма Стоун,Брайс Даллас Ховард,Октавия Спенсер,Джессика Честейн",146 минут,25 млн 
Стальной гигант,1999,Брэд Бёрд,"мультфильм,боевик,приключение","Эллисон Эббейт , Дес Маканафф",[1],,87 мин.,$ 50 млн. 
Житие Брайана по Монти Пайтону,1979,Терри Джонс,кинокомедия,,,"Грэхэм Чэпмен,Джон Клиз,Терри Гиллиам,Эрик Айдл,Терри Джонс,Майкл Палин",94 мин.,$4 млн
Аладдин,1992,Джон Маскер,"мультфильм,приключение,кинокомедия","Джон Маскер,Рон Клементс",,,90 мин,28 млн
Персона,1966,Ингмар Бергман,"драма,триллер",,Швеция,"Биби Андерсон,Лив Ульман",85 мин.,
Четыреста ударов,1959,Франсуа Трюффо,"детектив,драма",,,"Жан-Пьер Лео,Клер Морье,Альберт Реми,Ги Декомбль",99 мин.,
Это случилось однажды ночью,1934,Фрэнк Капра,"кинокомедия,романтический фильм","Фрэнк Капра,Гарри Кон",США,"Клодетт Кольбер,Кларк Гейбл",105 мин,325 тыс. $
Звуки музыки,1965,Роберт Эрл Уайз,"байопик,драма,семейный фильм",Роберт Уайз,США,"Джули Эндрюс,Кристофер Пламмер,Ричард Гайдн,Пегги Вуд,Анна Ли,Бен Райт,Элинор Паркер",174 мин,8 020 000 
Хладнокровный Люк,1967,Стюарт Розенберг,"детектив,драма",Гордон Кэрролл,,"Пол Ньюман,Джордж Кеннеди,Роберт Дривас,Лу Антонио",126 мин.,3 200 000 $
Сука любовь,2000,Алехандро Гонсалес Иньярриту,"драма,триллер",,,"Ванесса Бауче,Гаэль Гарсия Берналь,Альваро Герреро,Гойя Толедо,Эмилио Эчеварриа",154 минуты,2 000 000 
Песнь дороги,1955,Сатьяджит Рай,драма,правительство ,,"Каню Баннерджи,Каруна Баннерджи,Субир Баннерджи",115 мин.,150 000 ₹
Гроздья гнева,1940,Джон Форд,драма,,США,,128 мин,750 тыс. 
Битва за Алжир,1966,Джилло Понтекорво,"драма,военный фильм",,,"Жан Мартен,Брахим Хаджадж,Саади Ясеф",121 мин,806 735 $
Хатико: Самый верный друг,2009,Лассе Халльстрём,"байопик,драма,семейный фильм",Билл Джонсон,,"Джоан Аллен,Сара Ремер,Джейсон Александер",93 мин,16 млн
Пираты Карибского моря: Проклятие «Чёрной жемчужины»,2003,Гор Вербински,"боевик,приключение,фэнтези",,США,"Джонни Депп,Орландо Блум,Кира Найтли,Джеффри Раш,Джек Дэвенпорт,Джонатан Прайс,Ли Аренберг,Маккензи Крук,Дэмиан О’Хейр,Джиллз Нью",143 мин,140 млн 
Да прольётся свет,2021,Т. Дж. Гнанавел,"детектив,драма,фильм-тайна",,,,,
Быть или не быть,1942,Эрнст Любич,"кинокомедия,романтический фильм,военный фильм",Эрнст Любич,,"Джек Бенни,Кэрол Ломбард,Роберт Стэк",99 мин.,1 200 000 $
В диких условиях,2007,Шон Пенн,"приключение,байопик,драма",,,Эмиль Хирш,148 мин,15 млн 
Волшебник страны Оз,1939,Виктор Флеминг,"приключение,семейный фильм,фэнтези",,США,"Джуди Гарленд,Фрэнк Морган,Рэй Болджер,Джек Хейли,Бёрт Лар",101 мин.,2 млн 
Перед закатом,2004,Ричард Линклейтер,"драма,романтический фильм",,,"Итан Хоук,Жюли Дельпи",80 мин,"2,7 млн "
Телесеть,1975,Сидни Люмет,драма,,,,121 мин.,"3,8 млн "
Гонка,2013,Рон Ховард,"боевик,байопик,драма",Hans Zimmer,,"Крис Хемсворт,Даниэль Брюль,Оливия Уайлд",123 мин.,38 млн 
Останься со мной,1986,Роб Райнер,"приключение,драма",,США,"Уил Уитон,Ривер Феникс,Кори Фельдман,Джерри О'Коннелл,Ричард Дрейфусс",90 мин.,8 млн 
Терминатор,1984,Джеймс Кэмерон,"боевик,научная фантастика",,,"Арнольд Шварценеггер,Майкл Бин,Линда Хэмилтон,Лэнс Хенриксен",107 мин.,"6,4 млн "
В центре внимания,2015,Томас Маккарти,"байопик,детектив,драма","Блай Пэгон Фауст,Стив Голин,Николь Роклин,Майкл Шугар",,"Марк Руффало,Майкл Китон,Рэйчел Макадамс,Лев Шрайбер,Джон Слэттери,Стэнли Туччи",129 минут,20 млн $
Логан,2017,Джеймс Мэнголд,"боевик,драма,научная фантастика",Хатч Паркер,,"Хью Джекман,Патрик Стюарт,Ричард Э. Грант,Бойд Холбрук,Стивен Мерчант,Дафни Кин",137 мин,97–127 млн
Отель Руанда,2004,Терри Джордж,"байопик,драма,исторический фильм", ,,"Дон Чидл,Софи Оконедо,Жан Рено,Хоакин Феникс,Ник Нолти",121 мин.,"17,5 млн "
Страсти Жанны д’Арк,1928,Карл Теодор Дрейер,"байопик,драма,исторический фильм",,,Рене Фальконетти,82 минуты ,
Взвод,1986,Оливер Стоун,"драма,военный фильм",,,"Чарли Шин,Том Беренджер,Уиллем Дефо",120 мин.,$ 6 млн 
Ford против Ferrari,2019,Джеймс Мэнголд,"боевик,байопик,драма","Алекс Янг, , , (,Лукас Фостер, , , (,Кевин Хэллоран,Джеймс Мэнголд",,"Кристиан Бейл,Мэтт Деймон",152 мин.,"97,6 млн"
Токийская повесть,1953,Ясудзиро Одзу,драма,,Япония,"Тисю Рю,Тиэко Хигасияма,Сэцуко Хара,Харуко Сугимура",136 мин,
Рататуй,2007,Брэд Бёрд,"мультфильм,приключение,кинокомедия",Брэд Льюис,,,111 мин,150 млн 
Рокки,1976,Джон Эвилдсен,"драма,фильм о спорте",,,"Талия Шайр,Берт Янг,Карл Уэзерс,Бёрджесс Мередит",119 мин,"1—1,1 млн "
Большой Лебовски,1998,Братья Коэн,"кинокомедия,детектив",,,"Джефф Бриджес,Джон Гудмен,Джулианна Мур,Стив Бушеми,Дэвид Хаддлстон,Филип Сеймур Хоффман",117 минут, 15 млн
Комната,2015,Ленни Абрахамсон,"драма,триллер","Дэвид Гросс,Эд Гини",,"Бри Ларсон,Джейкоб Трамбле",118 мин.,13 млн $
Челюсти,1975,Стивен Спилберг,"приключение,триллер",,,"Рой Шайдер,Роберт Шоу,Ричард Дрейфус,Лоррейн Гэри",Театральная версия:, 9 млн
Седьмая печать,1957,Ингмар Бергман,"драма,фэнтези",,,"Макс фон Сюдов,Гуннар Бьёрнстранд,Биби Андерссон",96 мин.,
Корпорация монстров,2001,Пит Доктер,"мультфильм,приключение,кинокомедия",,,,92 мин,115 млн 
Общество мёртвых поэтов,1989,Питер Уир,"кинокомедия,драма","Пол Уитт,Тони Томас",,Робин Уильямс,128 мин.,"16,4 млн $"
Мэри и Макс,2009,Адам Эллиот,"мультфильм,кинокомедия,драма",Мелани Кумбс,,,90 мин,8 240 000 A$
Как приручить дракона,2010,Крис Сандерс,"мультфильм,боевик,приключение",,,,98 минут,165 млн.
Безумный Макс: Дорога ярости,2015,Джордж Миллер,"боевик,приключение,научная фантастика",,,"Том Харди,Шарлиз Терон,Николас Холт,Хью Кияс-Бёрн",120 мин,150 млн 
Мистер Смит едет в Вашингтон,1939,Фрэнк Капра,"кинокомедия,драма",Фрэнк Капра,США,"Джеймс Стюарт,Джин Артур,Клод Рейнс",129 мин,"1,5 млн "
Дикие истории,2014,"Шифрон, Дамиан","кинокомедия,драма,триллер","Агустин Альмодовар,Уго Сигман,Эстер Гарсия,Матиас Мостейрин",Аргентина,"Рикардо Дарин,Оскар Мартинес,Леонардо Сбаралья,Эрика Ривас,Рита Кортезе",122 мин,$ 3 300 000
Шерлок-младший,1924,Бастер Китон,"боевик,кинокомедия,романтический фильм",Бастер Китон,США,Кэтрин Макгуайр,44 мин,
Плата за страх,1953,Анри-Жорж Клузо,"приключение,драма,триллер","Раймон Бордери,,Анри-Жорж Клузо",,"Ив Монтан,Шарль Ванель",156 мин.,
Воспоминания об убийстве,2003,Пон Чжун Хо,"детектив,драма,фильм-тайна","Чха Сын Чжэ,Но Чон Юн",,"Сон Кан Хо,Ким Сан Гён,Пак Но Сик",132 мин,$2 800 000
Третий человек,1949,Кэрол Рид,"нуар,фильм-тайна,триллер","(в США — ,)",Великобритания,"Джозеф Коттен,Алида Валли",104 мин. (видео),
По соображениям совести,2016,Мел Гибсон,"байопик,драма,исторический фильм","Терри Бенедикт,Пол Карри,Уильям Д. Джонсон,Билл Меканик,Брайан Оливер,Дэвид Пермут",,,139 мин.,40 млн 
Охотник на оленей,1978,Майкл Чимино,"драма,военный фильм","[en],Джон Певералл",,"Роберт Де Ниро,Кристофер Уокен,Мерил Стрип",183 мин.,15 млн 
Во имя отца,1993,Джим Шеридан,"байопик,детектив,драма","Джим Шеридан, (исполнительный продюсер)",,"Дэниел Дэй-Льюис,Пит Постлетуэйт,Эмма Томпсон",133 мин.,
Земляничная поляна,1957,Ингмар Бергман,"драма,романтический фильм",,,"Виктор Шёстрём,Ингрид Тулин,Биби Андерссон",90 мин.,
Генерал,1927,Клайд Брукман,"боевик,приключение,кинокомедия",Бастер Китон ,США,Мэрион Мак,75 минут,$ 415 232
Исчезнувшая,2014,Дэвид Финчер,"драма,фильм-тайна,триллер","Джошуа Донен,Сиан Чаффин",,"Бен Аффлек,Розамунд Пайк,Нил Патрик Харрис,Тайлер Перри",149 мин,61 млн 
В порту,1954,Элиа Казан,"детектив,драма,триллер",,США,Марлон Брандо,108 мин,902 тыс.
Барри Линдон,1975,Стэнли Кубрик,"приключение,драма,военный фильм",,,"Райан О’Нил,Мариса Беренсон,Патрик Мэги,Харди Крюгер,Мюррей Мелвин",184 мин,12 млн 
Бен-Гур,1959,Уильям Уайлер,"приключение,драма",Сэм Зимбалист,США,"Чарлтон Хестон,Джек Хоукинс,Хайя Харарит,Стивен Бойд,Хью Гриффит",222 мин,15 млн 
Отель «Гранд Будапешт»,2014,Уэс Андерсон,"приключение,кинокомедия,детектив","Джереми Доусон,Стивен Рейлс",[3],"Рэйф Файнс,Тони Револори",100 мин,23 млн €
12 лет рабства,2013,Стив Маккуин,"байопик,драма,исторический фильм","Джереми Кляйнер,Билл Похлад",,"Чиветел Эджиофор,Майкл Фассбендер,Брэд Питт,Бенедикт Камбербэтч",133 мин,20 млн 
Перед рассветом,1995,Ричард Линклейтер,"драма,романтический фильм",,,"Итан Хоук,Жюли Дельпи",105 минут,2 500 000 
Золотая лихорадка,1925,Чарли Чаплин,"приключение,кинокомедия,драма",,США,"Чарли Чаплин,Джорджия Хейл,Мак Суэйн",96 минут (оригинальная версия),923 тысяч 
Дети небес,1997,Маджид Маджиди,"драма,семейный фильм,фильм о спорте", ,,"Мохаммад Амир Наджи,Амир Фарох Хашемян,Бахаре Саддики,Нафисе Джафар-Мохаммади",89 мин,180 тыс. 
Гарри Поттер и Дары Смерти. Часть 2,2011,Дэвид Йейтс,"приключение,семейный фильм,фэнтези",,,"Дэниел Рэдклифф,Рэйф Файнс,Руперт Гринт,Эмма Уотсон,Алан Рикман",148 мин., 125 млн
Клаус,2019,Серхио Паблос,"мультфильм,приключение,кинокомедия","Дзинко Гото,Серхио Паблос,Мариса Роман, , , (",Испания,"Джейсон Шварцман,Дж. К. Симмонс,Рашида Джонс,Джоан Кьюсак",96 мин,40 000 000 $
Малышка на миллион,2004,Клинт Иствуд,"драма,фильм о спорте","Клинт Иствуд,Альберт Рудди,ru,Том Розенберг,ru",,"Хилари Суэнк,Морган Фримен",132 мин.,30 млн 
Бегущий по лезвию,1982,Ридли Скотт,"боевик,драма,научная фантастика",,,"Харрисон Форд,Шон Янг,Рутгер Хауэр",117 мин,$ 22-30 млн
Мой сосед Тоторо,1988,Хаяо Миядзаки,"мультфильм,кинокомедия,семейный фильм",,,,,
"Поймай меня, если сможешь",2002,Стивен Спилберг,"байопик,детектив,драма",,,"Леонардо Ди Каприо,Том Хэнкс,Кристофер Уокен,Мартин Шин,Эми Адамс",141 мин.,52 млн 
Гран Торино,2008,Клинт Иствуд,драма,",",США,"Клинт Иствуд,Кристофер Карли,Би Ванг",116 мин.,33 млн. 
Воин,2011,Гэвин О’Коннор,"боевик,драма,фильм о спорте",Грег О’Коннор,,"Джоэл Эдгертон,Том Харди,Ник Нолти,Дженнифер Моррисон,Фрэнк Грилло",140 мин.,25 млн $
Фарго,1996,Братья Коэн,"детектив,триллер",Итан Коэн,,,98 мин.,7 млн 
Мост через реку Квай,1957,Дэвид Лин,"приключение,драма,военный фильм",,,"Уильям Холден,Джек Хокинс,Алек Гиннесс,Сэссю Хаякава",161 мин.,3 млн 
На игле,1996,Дэнни Бойл,драма,Эндрю Макдональд,Великобритания,"Юэн Макгрегор,Джонни Ли Миллер,Роберт Карлайл,Юэн Бремнер,Кевин Маккидд,Келли Макдональд",94 мин,"1,5 млн "
Пленницы,2013,Дени Вильнёв,"детектив,драма,фильм-тайна","Кира Дэвис,Бродерик Джонсон,Адам Колбеннер,Эндрю Косоув",,"Хью Джекман,Джейк Джилленхол",153 мин,46 млн. 
Ходячий замок,2004,Хаяо Миядзаки,"мультфильм,приключение,семейный фильм",,,,,
"Карты, деньги, два ствола",1998,Гай Ричи,"боевик,кинокомедия,детектив",,,"Ник Моран,Джейсон Флеминг,Декстер Флетчер,Джейсон Стейтем,Винни Джонс",106 мин.,960 000 
В случае убийства набирайте «М»,1954,Альфред Хичкок,"детектив,триллер",Альфред Хичкок,,"Грейс Келли,Рэй Милланд,Роберт Каммингс,Джон Уильямс",105 мин.,"1,4 млн "
Унесённые ветром,1939,Виктор Флеминг,"драма,романтический фильм,военный фильм",,,"Вивьен Ли,Кларк Гейбл,Лесли Говард,Оливия де Хэвилленд",238 мин,"3,85 млн "
"Три билборда на границе Эббинга, Миссури",2017,Мартин Макдонах,"кинокомедия,детектив,драма","Грэм Бродбент, , , (,Питер Чернин,Мартин Макдонах",,"Фрэнсис Макдорманд,Вуди Харрельсон,Сэм Рокуэлл",115 мин., 12 млн
Тайна в его глазах,2009,Хуан Хосе Кампанелья,"драма,фильм-тайна,романтический фильм",",,,",,"Рикардо Дарин,Пабло Раго,Соледад Вильямиль,Хавьер Годино",127 мин.,2 млн 
Головоломка,2015,Пит Доктер,"мультфильм,приключение,кинокомедия",Йонас Ривера,США,,95 мин,175 млн
V — значит вендетта,2006,Джеймс Мактиг,"боевик,драма,научная фантастика",,США,"Натали Портман,Хьюго Уивинг,Стивен Ри,Стивен Фрай,Джон Хёрт",132 мин,54 млн долл.
Бешеный бык,1980,Мартин Скорсезе,"байопик,драма,фильм о спорте",,,"Роберт Де Ниро,Джо Пеши,Кэти Мориарти",129 мин.,18 млн 
Китайский квартал,1974,Роман Полански,"драма,фильм-тайна,триллер",,,"Джек Николсон,Фэй Данауэй,Джон Хьюстон",131 мин.,6 млн 
Человек-слон,1980,Дэвид Линч,"байопик,драма"," , ",,"Энтони Хопкинс,Джон Хёрт,Энн Бэнкрофт",124 мин,5 млн долл.
Расёмон,1950,Акира Куросава,"детектив,драма,фильм-тайна",,,"Тосиро Мифунэ,Матико Кё,Масаюки Мори,Такаси Симура,рус.",88 мин.,250 тыс. долл.
В поисках Немо,2003,Эндрю Стэнтон,"мультфильм,приключение,кинокомедия",,,,104 минуты,94 млн 
Нечто,1982,Джон Карпентер,"хоррор,фильм-тайна,научная фантастика","Лоуренс Турман,Лоуренс Турман,Лоуренс Турман",США,"Курт Расселл,Кит Дэвид,Уилфорд Бримли,Дэвид Кленнон",109 мин., 15 млн
Стражи Галактики. Часть 3,2023,Джеймс Ганн,"боевик,приключение,кинокомедия",,,"Крис Прэтт,Зои Салдана,Дейв Батиста,Карен Гиллан,Пом Клементьефф,Вин Дизель,Брэдли Купер,Уилл Поултер,Шон Ганн,Линда Карделлини,Нейтан Филлион,Сильвестр Сталлоне",150 мин,250 млн
Человек-паук: Нет пути домой,2021,Джон Уоттс,"боевик,приключение,фэнтези",,,"Том Холланд,Зендея,Бенедикт Камбербэтч,Джейкоб Баталон,Джон Фавро,Джейми Фокс,Уиллем Дефо,Альфред Молина,Бенедикт Вонг,Тони Револори,Мариса Томей,Эндрю Гарфилд,Тоби Магуайр",,200 млн
Большой побег,1963,Джон Стёрджес,"приключение,драма,исторический фильм","Джон Стёрджес,Джеймс Клавелл",США,"Стив Маккуин,Джеймс Гарнер,Ричард Аттенборо",172 мин,4 млн 
Убить Билла. Фильм 1,2003,Квентин Тарантино,"боевик,детектив,драма",,[1],"Ума Турман,Люси Лью,Вивика А. Фокс,Дэрил Ханна,Дэвид Кэррадайн,Майкл Мэдсен,Сонни Тиба,Тиаки Курияма",111 минут,30 млн $
Старикам тут не место,2007,Братья Коэн,"детектив,драма,триллер",Джоэл и Итан Коэн,,"Томми Ли Джонс,Хавьер Бардем,Джош Бролин",122 мин.,25 млн 
Монти Пайтон и Священный Грааль,1975,Терри Гиллиам,"приключение,кинокомедия,фэнтези",,Великобритания,"Джон Клиз,Эрик Айдл,Грэхэм Чэпмен,Майкл Пейлин,Терри Гиллиам,Терри Джонс",90 мин.,400 тыс. 
Сокровища Сьерра-Мадре,1948,Джон Хьюстон,"приключение,драма,вестерн"," , ",,"Хамфри Богарт,Уолтер Хьюстон,Тим Хольт",126 мин,3 000 000 
Телохранитель,1961,Акира Куросава,"боевик,драма,триллер",Акира Куросава,,"Тосиро Мифунэ,Тацуя Накадай,Такаси Симура,Исудзу Ямада",110 мин,90 870 000 ¥
Игры разума,2001,Рон Ховард,"байопик,драма",,,"Рассел Кроу,Эд Харрис,Дженнифер Коннелли,Кристофер Пламмер,Пол Беттани",135 мин., 58 000 000
Парк юрского периода,1993,Стивен Спилберг,"боевик,приключение,научная фантастика",,США,"Сэм Нилл,Лора Дерн,Джефф Голдблюм,Ричард Аттенборо,Боб Пек,Б. Д. Вонг,Сэмюэл Л. Джексон,Уэйн Найт,Джозеф Маццелло",127 мин,63 млн
Шестое чувство,1999,М. Найт Шьямалан,"драма,фильм-тайна,триллер",,,"Брюс Уиллис,Хэйли Джоэл Осмент,Тони Коллетт,Оливия Уильямс,Тревор Морган,Миша Бартон",107 мин.,40 млн 
Остров проклятых,2010,Мартин Скорсезе,"фильм-тайна,триллер","Арнольд Мессер,Брэд Фишер",,"Леонардо Ди Каприо,Марк Руффало,Бен Кингсли,Эмили Мортимер",138 мин,80 млн 
Непрощённый,1992,Клинт Иствуд,"драма,вестерн",Клинт Иствуд,,"Джин Хэкмен,Морган Фримен,Ричард Харрис",131 минута,14 400 000 $
Лабиринт фавна,2006,Гильермо дель Торо,"драма,фэнтези,военный фильм",,[2],"Ивана Бакеро,Даг Джонс,Сержи Лопес",119 мин.,13 млн 
Нефть,2007,Пол Томас Андерсон,драма,"Пол Томас Андерсон , ",США,"Дэниел Дэй-Льюис,Пол Дано",158 мин.,25 млн 
Шоу Трумана,1998,Питер Уир,"кинокомедия,драма","Эдвард С. Фельдан,Адам Шредер",США,"Джим Керри,Лора Линни,Эд Харрис",103 мин.,60 млн 
Нюрнбергский процесс,1961,Стэнли Крамер,"драма,военный фильм",Стэнли Крамер,США,"Спенсер Трейси,Ричард Уидмарк,Максимилиан Шелл",186 мин,3 млн 
Ран,1985,Акира Куросава,"боевик,драма,военный фильм",,Япония,"Тацуя Накадаи,Акира Тэрао",160 мин,"11,5 млн "
Всё о Еве,1950,Джозеф Лео Манкевич,драма,,США,"Бетт Дейвис,Энн Бакстер,Джордж Сандерс,Селеста Холм",138 мин,1 400 000 $
Волк с Уолл-стрит,2013,Мартин Скорсезе,"байопик,кинокомедия,детектив","Мартин Скорсезе,Риза Азиз,Джои Макфарланд,Эмма Тиллингер Коскофф,[en]",,"Джона Хилл,Марго Робби,Мэттью Макконахи,Кайл Чендлер,Роб Райнер,Джон Фавро,Жан Дюжарден",180 мин,100 млн
Казино,1995,Мартин Скорсезе,"детектив,драма",,,"Роберт Де Ниро,Шэрон Стоун,Джо Пеши",178 минут, 52 000 000
Зелёная книга,2018,Питер Фаррелли,"байопик,кинокомедия,драма","Ник Валлелонга,Брайан Хэйс Карри,Питер Фаррелли,Чарльз Уэсслер",,"Вигго Мортенсен,Махершала Али",130 мин.,23 млн $
Отец,2020,Фориан Зеллер,"драма,фильм-тайна",,,"Энтони Хопкинс,Оливия Колман,Оливия Уильямс",97 мин,20 000 000 $
Малыш,1921,Чарли Чаплин,"кинокомедия,драма,семейный фильм",Чарльз Чаплин,США,Джеки Куган,68 мин,&&&&&&&&&0250000.&&&&&0
Бэтмен: Начало,2005,Кристофер Нолан,"боевик,детектив,драма","Ларри Дж. Франко,ru",,"Кристиан Бейл,Кэти Холмс,Майкл Кейн,Гэри Олдмен",140 мин., 150 млн
На несколько долларов больше,1965,Серджо Леоне,вестерн,,ФРГ,"Клинт Иствуд,Ли Ван Клиф,Джан Мария Волонте",130 мин.,$600 000
Дангал,2016,Нитеш Тивари,"боевик,байопик,драма",",,Киран Рао,,Вишеш Агравал",,Аамир Xан,161 минута,700 млн рупий
Бункер,2004,Оливер Хиршбигель,"байопик,драма,исторический фильм",,,"Бруно Ганц,Александра Мария Лара,Юлиана Кёлер",150 мин,13 500 000 
В джазе только девушки,1959,Билли Уайлдер,"кинокомедия,музыкальный фильм,романтический фильм",Билли Уайлдер,США,"Мэрилин Монро,Тони Кёртис,Джек Леммон,Джордж Рафт,Джо Эванс Браун,Пэт О’Брайен",119 минут,&&&&&&&&02883848.&&&&&0
Топ Ган: Мэверик,2022,Джозеф Косински,"боевик,драма",,,"Том Круз,Майлз Теллер,Дженнифер Коннели,Джон Хэмм,Вэл Килмер",131 мин,170 млн 
Большой куш,2000,Гай Ричи,"кинокомедия,детектив",,[4],,104 мин (Великобритания); 102 мин (США),10 млн 
Таксист,1976,Мартин Скорсезе,"детектив,драма","Майкл Филлипс,ru",,"Роберт Де Ниро,Сибилл Шеперд,Джоди Фостер",113 мин.,"1,3 млн. "
Секреты Лос-Анджелеса,1997,Кёртис Хэнсон,"детектив,драма,фильм-тайна",Майкл Дж. Натансон,,"Гай Пирс,Рассел Кроу,Кевин Спейси,Джеймс Кромвелл,Ким Бейсингер,Дэвид Стрэтэйрн,Дэнни Де Вито",138 минут,35 000 000 
1917,2019,Сэм Мендес,"боевик,драма,военный фильм","Пиппа Харрис,Каллум Макдугал",,"Джордж Маккей,Дин-Чарльз Чапман,Бенедикт Камбербэтч,Колин Ферт,Ричард Мэдден",119 мин.,$95 млн
Крепкий орешек,1988,Джон Мактирнан,"боевик,триллер",,,"Брюс Уиллис,Алан Рикман,Александр Годунов,Бонни Беделиа",132 мин.,$ 25–35 млн
Звёздочки на земле,2007,Аамир Хан,"драма,семейный фильм",Аамир Хан,,"Даршил Сафари,Аамир Кхан",165 мин.,
Метрополис,1927,Фриц Ланг,"драма,научная фантастика",,Веймарская республика,"Густав Фрёлих,Бригитта Хельм,Альфред Абель,Рудольф Клайн-Рогге",,"1,3 млн "
Индиана Джонс и последний крестовый поход,1989,Стивен Спилберг,"боевик,приключение",Роберт Уоттс,,"Харрисон Форд,Шон Коннери,Элисон Дуди,Денхолм Эллиотт,Джулиан Гловер,Ривер Феникс,Джон Рис-Дэвис",127 мин.,48 млн 
Убить пересмешника,1962,Роберт Маллиган,"детектив,драма",,,"Грегори Пек,Мэри Бэдэм,Филлип Олфорд",129 мин,
Вверх,2009,Пит Доктер,"мультфильм,приключение,кинокомедия",,,,96 минут,175 млн 
Гамильтон,2020,Томас Кейл,"байопик,драма,исторический фильм","Джеффри Селлер,Томас Кейл",США,"Давид Диггз,Рене Элиз Голдсберри,Джонатан Грофф",160 мин,
Схватка,1995,Майкл Манн,"боевик,детектив,драма","Майкл Манн,Арт Линсон",,"Аль Пачино,Роберт Де Ниро,Том Сайзмор,Дайан Венора,Эми Бреннеман,Эшли Джадд,Майкелти Уильямсон,Уэс Стьюди,Тед Левин,Джон Войт,Вэл Килмер",170 мин,$60 млн
Развод Надера и Симин,2011,Асгар Фархади,драма,Асгар Фархади,,"Лейла Хатами,Пейман Моаади,Шахаб Хоссейни,Саре Баят,Сарина Фархади",123 мин.,800 тыс. 
Пожары,2010,Дени Вильнёв,"драма,фильм-тайна",",",,"Любна Азабаль,Мелисса Дезормо-Пулен,Максим Годетт,Реми Жирар",130 мин.,"6,8 млн "
Афера,1973,Джордж Рой Хилл,"кинокомедия,детектив,драма",,США,"Роберт Редфорд,Пол Ньюман,Роберт Шоу",129 мин,"$ 5,5 млн"
Лицо со шрамом,1983,Брайан де Пальма,"детектив,драма",,,"Аль Пачино,Стивен Бауэр,Мишель Пфайффер,Роберт Лоджа",170 мин., 37 млн
Цельнометаллическая оболочка,1987,Стэнли Кубрик,"драма,военный фильм",Стэнли Кубрик,,"Мэттью Модайн,Винсент Д'Онофрио,Адам Болдуин,Ли Эрми",116 мин., 30 млн
Двойная страховка,1944,Билли Уайлдер,"детектив,драма,нуар", ,,"Барбара Стэнвик,Фред Макмюррей,Эдвард Г. Робинсон",107 мин.,927 тыс. 
Амели,2001,Жан-Пьер Жене,"кинокомедия,романтический фильм",Клод Оссар,Франция,"Одри Тоту,Матьё Кассовиц,Артюс де Пенгерн",122 мин,77 млн (
Головокружение,1958,Альфред Хичкок,"фильм-тайна,романтический фильм,триллер",Альфред Хичкок,США,"Джеймс Стюарт,Ким Новак",128 мин,2 479 000 $
Квартира,1960,Билли Уайлдер,"кинокомедия,драма,романтический фильм",Билли Уайлдер,,"Джек Леммон,Ширли Маклейн",125 мин.,3 млн 
К северу через северо-запад,1959,Альфред Хичкок,"боевик,приключение,фильм-тайна",,США,"Кэри Грант,Эва Мари Сейнт",136 мин,4 млн 
Жить,1952,Акира Куросава,драма,,,Такаси Симура,140 мин.,
Заводной апельсин,1971,Стэнли Кубрик,"детектив,научная фантастика",,,"Малкольм Макдауэлл,Патрик Мэги",136 мин.,"2,2 млн "
Вечное сияние чистого разума,2004,Мишель Гондри,"драма,романтический фильм,научная фантастика",,США,"Джим Керри,Кейт Уинслет,Кирстен Данст,Марк Руффало,Элайджа Вуд,Том Уилкинсон",108 мин.,20 млн 
М,1931,Фриц Ланг,"детектив,фильм-тайна,триллер",,Веймарская республика,"Петер Лорре,Отто Вернике,Густаф Грюндгенс",118 мин.,
Гражданин Кейн,1941,Орсон Уэллс,"драма,фильм-тайна",Орсон Уэллс,,,119 мин,839 727 
Лоуренс Аравийский,1962,Дэвид Лин,"приключение,байопик,драма",,,"Питер О’Тул,Омар Шариф,Алек Гиннесс",222 мин.,15 млн. 
Бешеные псы,1992,Квентин Тарантино,"детектив,триллер",,,"Харви Кейтель,Тим Рот,Крис Пенн,Стив Бушеми,Лоуренс Тирни,Майкл Мэдсен",99 мин,"$1,2–3 млн"
Охота,2012,Томас Винтерберг,драма,"Мортен Кауфманн,Сиссе Граум Йоргенсен,Томас Винтерберг",,Мадс Миккельсен,115 минут,"3,45 млн"
Иди и смотри,1985,Элем Климов,"драма,триллер,военный фильм",,,"Алексей Кравченко,Ольга Миронова,Любомирас Лауцявичюс",145 мин.,
Космическая одиссея 2001 года,1968,Стэнли Кубрик,"приключение,научная фантастика",,,"Кир Дулли,Гари Локвуд,Уильям Сильвестер",,12 млн 
Капернаум,2018,Надин Лабаки,драма,"Мишель Меркт,Халед Музанар",,Зайн Эр-Рафъи,123 мин,4 млн 
Реквием по мечте,2000,Даррен Аронофски,драма,"Эрик Уотсон,Палмер Уэст",США,"Эллен Бёрстин,Джаред Лето,Дженнифер Коннелли,Марлон Уайанс",97 мин,4 500 000 
Рай и ад,1963,Акира Куросава,"детектив,драма,фильм-тайна",,,"Тосиро Мифунэ,Тацуя Накадай,Кёко Кагава,Тацуя Михаси",142 мин.,230 000 000 ¥
Поющие под дождём,1952,Стэнли Донен,"кинокомедия,мюзикл,романтический фильм",,,"Дональд О’Коннор,Дебби Рейнольдс,Сид Чарисс,Джин Хэген",103 мин,"2,5 млн "
3 идиота,2009,Раджкумар Хирани,"кинокомедия,драма",Видху Винод Чопра,Индия,"Аамир Хан,Мадхаван,Шарман Джоши,Карина Капур",170 мин.,350 млн 
Звёздные войны. Эпизод VI: Возвращение джедая,1983,Ричард Маркуанд,"боевик,приключение,фэнтези",,,"Марк Хэмилл,Харрисон Форд,Кэрри Фишер,Билли Ди Уильямс,Энтони Дэниэлс,Дэвид Проуз,Кенни Бейкер,Питер Мейхью,Фрэнк Оз,Иан Макдермид",135 мин,$32 500 000
Твоё имя,2016,Макото Синкай,"мультфильм,драма,фэнтези",,,,,
История игрушек: Большой побег,2010,Ли Анкрич,"мультфильм,приключение,кинокомедия",[en],,,103 мин.,200 млн 
Умница Уилл Хантинг,1997,Гас Ван Сент,"драма,романтический фильм",,США,"Мэтт Деймон,Робин Уильямс",127 минут,10 000 000 
Подводная лодка,1981,Вольфганг Петерсен,"драма,военный фильм",,,"Юрген Прохнов,Херберт Грёнемайер,Хуберт Бенгш",Киноверсия: 150 мин.,32 миллиона марок
Однажды в Америке,1984,Серджо Леоне,"детектив,драма",,,"Роберт Де Ниро,Джеймс Вудс,Элизабет Макговерн",229 мин.,30 млн $
Храброе сердце,1995,Мел Гибсон,"байопик,драма,исторический фильм",Элан Лэд-мл.,,"Мел Гибсон,Софи Марсо,Патрик Макгуэн,Кэтрин Маккормак,Брендан Глисон",178 мин.,$72 млн
История игрушек,1995,Джон Лассетер,"мультфильм,приключение,кинокомедия","Ральф Гуггенхейм,ru",,,81 минута,30 млн 
Принцесса Мононоке,1997,Хаяо Миядзаки,"мультфильм,боевик,приключение",,,,63:12,
Мстители: Финал,2019,Братья Руссо,"боевик,приключение,драма",,,"Роберт Дауни-младший,Крис Эванс,Марк Руффало,Крис Хемсворт,Скарлетт Йоханссон,Джереми Реннер,Дон Чидл,Пол Радд,Бри Ларсон,Карен Гиллан,Данай Гурира,Бенедикт Вонг,Джон Фавро,Брэдли Купер,Гвинет Пэлтроу,Джош Бролин",181 мин,356—400 млн
Джокер,2019,Тодд Филлипс,"детектив,драма,триллер","Тодд Филлипс,Эмма Тиллинджер Коскофф",,Хоакин Феникс,122 мин.,$55-70 млн
Олдбой,2003,Пак Чхан Ук,"боевик,драма,фильм-тайна","Ким Дон Чжу,Лим Сын Ён,Kim Dong-ju",Республика Корея,"Чхве Мин Сик,Ю Чжи Тэ,Кан Хё Чжон",116 мин,3 млн 
Амадей,1984,Милош Форман,"байопик,драма,музыкальный фильм",Бертил Олссон,,"Ф. Мюррей Абрахам,Том Халс,Элизабет Берридж,Джеффри Джонс",153 мин.,18 000 000
Бесславные ублюдки,2009,Квентин Тарантино,"приключение,драма,военный фильм",,Германия,,153 мин,70 млн долларов
Тёмный рыцарь: Возрождение легенды,2012,Кристофер Нолан,"боевик,драма",,,"Кристиан Бейл,Майкл Кейн,Гэри Олдмен,Энн Хэтэуэй,Том Харди,Марион Котийяр,Джозеф Гордон-Левитт,Морган Фримен",165 мин,250 млн 
Тайна Коко,2017,Ли Анкрич,"мультфильм,приключение,кинокомедия","[en],Дарла К. Андерсон",,,105 мин., 175–200 млн
"Доктор Стрейнджлав, или Как я перестал бояться и полюбил бомбу",1964,Стэнли Кубрик,"кинокомедия,военный фильм",Стэнли Кубрик,США,"Питер Селлерс,Джордж К. Скотт,Трейси Рид",95 мин. (1:35),"1,8 млн "
Красота по-американски,1999,Сэм Мендес,драма,,,"Кевин Спейси,Аннетт Бенинг,Тора Бёрч,Эллисон Дженни,Питер Галлахер,Мина Сувари,Уэс Бентли,Крис Купер",122 мин.,15 млн $
Чужие,1986,Джеймс Кэмерон,"боевик,приключение,научная фантастика",,,Сигурни Уивер,137 мин.,"18,5 млн"
Свидетель обвинения,1957,Билли Уайлдер,"детектив,драма,фильм-тайна",Артур Хорнблоу,,"Чарльз Лоутон,Тайрон Пауэр,Марлен Дитрих",116 мин.,
Человек-паук: Через вселенные,2018,Боб Персичетти,"мультфильм,боевик,приключение",,США,,117 мин,90 млн
Великий диктатор,1940,Чарли Чаплин,"кинокомедия,драма,военный фильм",Чарли Чаплин,США,Полетт Годдар,125 мин,2 млн 
Сияние,1980,Стэнли Кубрик,"драма,хоррор",,[4],"Джек Николсон,Шелли Дюваль,Дэнни Ллойд",146 мин. (Премьерная версия),19 млн 
Тропы славы,1957,Стэнли Кубрик,"драма,военный фильм","[en], , ",США,Джордж Макреди,88 мин,935 тыс. 
Бульвар Сансет,1950,Билли Уайлдер,"драма,нуар",,США,"Уильям Холден,Глория Свенсон",110 мин,"≈ 1,752 млн долл."
Мстители: Война бесконечности,2018,Братья Руссо,"боевик,приключение,научная фантастика",,,"Роберт Дауни-младший,Крис Хемсворт,Марк Руффало,Крис Эванс,Скарлетт Йоханссон,Бенедикт Камбербэтч,Дон Чидл,Том Холланд,Чедвик Боузман,Пол Беттани,Элизабет Олсен,Энтони Маки,Себастиан Стэн,Карен Гиллан,Данай Гурира,Том Хиддлстон,Пом Клементьефф,Бенедикт Вонг,Летиша Райт,Дейв Батиста,Зои Салдана,Джош Бролин,Крис Прэтт",149 мин,316—400 млн
Жизнь других,2006,Флориан Хенкель фон Доннерсмарк,"драма,фильм-тайна,триллер","Квирин Берг,Макс Видеман",Германия,"Ульрих Мюэ,Мартина Гедек,Себастьян Кох,Ульрих Тукур",137 мин,2 млн. 
ВАЛЛ-И,2008,Эндрю Стэнтон,"мультфильм,приключение,семейный фильм",Джим Моррис,,,98 минут,180 млн 
Джанго освобождённый,2012,Квентин Тарантино,"драма,вестерн",", ,, ,, ,, ,, ",,"Джейми Фокс,Кристоф Вальц,Леонардо Ди Каприо,Керри Вашингтон,Сэмюэл Л. Джексон,Уолтон Гоггинс,Деннис Кристофер,Джеймс Ремар,Майкл Паркс,Дон Джонсон",165 мин.,100 млн 
Помни,2000,Кристофер Нолан,"фильм-тайна,триллер","Дженнифер Тодд,ru,Сюзанн Тодд,ru",[3],"Гай Пирс,Керри-Энн Мосс,Джо Пантолиано",113 мин,9 млн 
Апокалипсис сегодня,1979,Фрэнсис Форд Коппола,"драма,фильм-тайна,военный фильм",,США,"Марлон Брандо,Роберт Дюваль,Мартин Шин,Фредерик Форрест,Лоренс Фишберн,Сэм Боттомс,Альберт Холл,Деннис Хоппер",,31 млн 
Огни большого города,1931,Чарли Чаплин,"кинокомедия,драма,романтический фильм",,США,Вирджиния Черрилл,87 мин,"1,5 млн "
Индиана Джонс: В поисках утраченного ковчега,1981,Стивен Спилберг,"боевик,приключение",,,"Харрисон Форд,Карен Аллен",115 мин.,20 млн долл.
Чужой,1979,Ридли Скотт,"хоррор,научная фантастика",,[2],"Том Скерритт,Сигурни Уивер,Вероника Картрайт,Гарри Дин Стэнтон,Джон Хёрт,Иэн Холм,Яфет Котто",Театральная версия:,11 млн
Окно во двор,1954,Альфред Хичкок,"фильм-тайна,триллер",,США,"Джеймс Стюарт,Грейс Келли,Телма Риттер",112 мин,$ 1 млн.
Новый кинотеатр «Парадизо»,1988,Джузеппе Торнаторе,"драма,романтический фильм",,Италия,"Филипп Нуаре,Жак Перрен",124-174 мин.,5 000 000 $
Однажды на Диком Западе,1968,Серджо Леоне,вестерн,Бино Чиконья,,"Чарлз Бронсон,Генри Фонда,Клаудия Кардинале",165 мин.,5 000 000 $
Новые времена,1936,Чарли Чаплин,"кинокомедия,драма,романтический фильм",Чарльз Чаплин,,Полетт Годдар,87 мин.,"1,5 млн "
1+1,2011,Оливье Накаш,"байопик,кинокомедия,драма","Николя Дюваль-Адассовски,Лоран Зейтун,Ян Зену",,"Франсуа Клюзе,Омар Си",112 мин,$ 11 500 000
Харакири,1962,Масаки Кобаяси,"боевик,драма,фильм-тайна",,,"Тацуя Накадай,Рэнтаро Микуни,Сима Ивасита,Тэцуро Тамба",133 мин.,
Могила светлячков,1988,Исао Такахата,"мультфильм,драма,военный фильм",,,,,
Касабланка,1942,Майкл Кёртиц,"драма,романтический фильм,военный фильм",,США,"Хамфри Богарт,Ингрид Бергман,Клод Рейнс",102 мин,"0,95 млн. "
Подозрительные лица,1995,Брайан Сингер,"детектив,драма,фильм-тайна",,США,"Гэбриэл Бирн,Стивен Болдуин,Кевин Поллак,Кевин Спейси,Бенисио дель Торо",106 мин,6 000 000 
Престиж,2006,Кристофер Нолан,"драма,фильм-тайна,научная фантастика","Аарон Райдер,ru,Кристофер Нолан,Аарон Райдер",,"Хью Джекман,Кристиан Бейл,Скарлетт Йоханссон,Майкл Кейн,Дэвид Боуи",130 мин.,40 млн. 
Одержимость,2014,Дамьен Шазель,"драма,музыкальный фильм","Хелен Эстабрук,Мишель Литвак,Дэвид Ланкастер",,"Майлз Теллер,Дж. К. Симмонс",106 мин.,"3,3 млн $"
Отступники,2006,Мартин Скорсезе,"детектив,драма,триллер","Брэд Грей,Брэд Грей",,"Леонардо Ди Каприо,Мэтт Деймон,Джек Николсон",151 мин,90 млн 
Американская история Икс,1998,Тони Кэй,"детектив,драма",Джон Мориссей,,"Эдвард Нортон,Эдвард Фёрлонг,Беверли Д’Анджело,Эвери Брукс,Стейси Кич,Файруза Балк",119 мин.,20 млн 
Король Лев,1994,Роджер Аллерс,"мультфильм,приключение,драма","Проблема с животиком, , , (,Один за другим, , , (,Возвышенность, , , (",,,88 мин,45 млн
Леон,1994,Люк Бессон,"боевик,детектив,драма",,,"Жан Рено,Натали Портман,Дэнни Айелло,Гэри Олдмен",,16 млн $
Психо,1960,Альфред Хичкок,"хоррор,фильм-тайна,триллер",Альфред Хичкок,,"Энтони Перкинс,Вера Майлз,Джон Гэвин,Мартин Болсам,Джон Макинтайр,Джанет Ли",109 минут,$806 947
Гладиатор,2000,Ридли Скотт,"боевик,приключение,драма",,,"Рассел Кроу,Хоакин Феникс,Конни Нилсен",155 мин.,103 млн 
Паразиты,2019,Пон Чжун Хо,"драма,триллер","Чжан Ён Хван,Квак Син Э,Пак Мён Хун,Пон Чжун Хо",Республика Корея,"Сон Кан Хо,Чо Ёджон,Пак Со Дам,Пак Со Джун,Чхве У Сик",132 мин,"11,4 млн $"
Пианист,2002,Роман Полански,"байопик,драма,музыкальный фильм",,,"Эдриен Броуди,Томас Кречман",150 мин.,35 млн 
Назад в будущее,1985,Роберт Земекис,"приключение,кинокомедия,научная фантастика",,,"Майкл Джей Фокс,Кристофер Ллойд,Криспин Гловер,Лиа Томпсон",116 мин.,19 млн 
Унесённые призраками,2001,Хаяо Миядзаки,"мультфильм,приключение,семейный фильм",,Япония,,59:51,
Интерстеллар,2014,Кристофер Нолан,"приключение,драма,научная фантастика",Кристофер Нолан,[4],"Мэттью Макконахи,Энн Хэтэуэй,Джессика Честейн,Билл Ирвин,Эллен Бёрстин,Майкл Кейн",169 мин,165 млн
Зелёная миля,1999,Фрэнк Дарабонт,"детектив,драма,фэнтези",Фрэнк Дарабонт,,"Том Хэнкс,Дэвид Морс,Бонни Хант,Майкл Кларк Дункан,Джеймс Кромвелл,Майкл Джетер,Грэм Грин,Даг Хатчинсон,Сэм Рокуэлл,Барри Пеппер,Джеффри ДеМанн,Патриша Кларксон,Гарри Дин Стэнтон",189 мин,60 млн
Жизнь прекрасна,1997,Роберто Бениньи,"кинокомедия,драма,романтический фильм","Джанлуиджи Браски, , , (,Джон М. Дэвис,Эльда Ферри,Марио Котоне,Аньес Ментре,Джон Роджерс",,"Роберто Бениньи,Николетта Браски,Хорст Буххольц",116 мин.,20 млн 
Звёздные войны. Эпизод IV: Новая надежда,1977,Джордж Лукас,"боевик,приключение,фэнтези",,,"Марк Хэмилл,Харрисон Форд,Кэрри Фишер,Дэвид Проуз,Питер Кушинг,Алек Гиннесс,Питер Мейхью,Энтони Дэниелс,Кенни Бэйкер",121 мин,$ 11 млн
Город Бога,2002,Фернанду Мейреллиш,"детектив,драма",,,"Алешандру Родригес,Леандро Фирмину,Феллипе Хогенсен",130 мин.,"3,3 млн "
Семь самураев,1954,Акира Куросава,"боевик,драма",,Япония,"Такаси Симура,Тосиро Мифунэ,Дайскэ Като,Минору Тиаки",207 мин,500 000 
Терминатор 2: Судный день,1991,Джеймс Кэмерон,"боевик,научная фантастика",Джеймс Кэмерон,США,"Арнольд Шварценеггер,Линда Хэмилтон,Эдвард Фёрлонг,Роберт Патрик",137 мин,$102 млн
Эта прекрасная жизнь,1946,Фрэнк Капра,"драма,семейный фильм,фэнтези",,США,"Джеймс Стюарт,Донна Рид",125 мин,"3,18 млн "
Славные парни,1990,Мартин Скорсезе,"байопик,детектив,драма",,,"Рэй Лиотта,Роберт Де Ниро,Джо Пеши,Лоррейн Бракко,Пол Сорвино",146 мин, 25 млн
Семь,1995,Дэвид Финчер,"детектив,драма,фильм-тайна","Арнольд Копельсон,ru,Филлис Карлайл",США,"Брэд Питт,Морган Фримен,Гвинет Пэлтроу,Джон Макгинли",127 мин,33-34 млн
Пролетая над гнездом кукушки,1975,Милош Форман,драма,,,"Джек Николсон,Луиза Флетчер,Брэд Дуриф",133 мин.,"$ 4,4 млн"
Матрица,1999,Энди и Ларри Вачовски,"боевик,научная фантастика",,,"Киану Ривз,Лоренс Фишберн,Керри-Энн Мосс,Хьюго Уивинг,Джо Пантолиано",136 мин,63 млн 
Звёздные войны. Эпизод V: Империя наносит ответный удар,1980,Ирвин Кершнер,"боевик,приключение,фэнтези",,,"Марк Хэмилл,Харрисон Форд,Кэрри Фишер,Билли Ди Уильямс,Энтони Дэниелс,Дэвид Проуз,Питер Мейхью,Кенни Бейкер,Фрэнк Оз",124 мин,18 млн
